Workbook

Sheet 选型与报价总表
A1: 预防干旱系统 - 硬件选型与报价总表 (V2.0)
A3: 序号 | B3: 模块 | C3: 组件名称 | D3: 推荐型号 | E3: 规格参数 | F3: 单位 | G3: 单价(元) | H3: 数量 | I3: 小计(元) | J3: 购买链接
A4: 1 | B4: 干旱监测模块 | C4: 温湿度传感器 | D4: AHT30模块 | E4: I2C接口, ±2%RH湿度精度, ±0.3°C温度精度, 0-100%RH | F4: 个 | G4: 2.5 | H4: 1 | I4: =G4*H4 -> 2.5 | J4: 点击查看
A5: 2 | B5: 干旱监测模块 | C5: 光谱传感器 | D5: AS7341模块 | E5: 11通道光谱仪, 350-1000nm, 8个可见光通道+1个NIR+透明通道, 16bit ADC, I2C, 3.3V/5V | F5: 个 | G5: 35 | H5: 1 | I5: =G5*H5 -> 35 | J5: 点击查看
A6: 3 | B6: 干旱监测模块 | C6: 空气质量传感器 | D6: MQ-135模块 | E6: 氨气/苯/烟雾检测, 模拟+数字输出, 5V | F6: 个 | G6: 5 | H6: 1 | I6: =G6*H6 -> 5 | J6: 点击查看
A7: 4 | B7: 干旱监测模块 | C7: 摄像模块 | D7: ESP32-CAM (OV2640) | E7: WiFi+蓝牙, 200万像素, JPEG输出, 支持TF卡, 5V | F7: 个 | G7: 150 | H7: 1 | I7: =G7*H7 -> 150 | J7: 点击查看
A8: 5 | B8: 干旱监测模块 | C8: 电压比较器模块 | D8: LM393模块 | E8: 双路比较, 4.5-28V宽电压, 带LED指示 | F8: 个 | G8: 3.5 | H8: 1 | I8: =G8*H8 -> 3.5 | J8: 点击查看
A9: 6 | B9: 补水抗旱模块 | C9: 微型潜水泵 | D9: 5V微型静音水泵 | E9: 5V/3W, 流量120L/H, 扬程1.5m, 直流水泵 | F9: 个 | G9: 16 | H9: 1 | I9: =G9*H9 -> 16
A10: 7 | B10: 补水抗旱模块 | C10: 5V继电器模块 | D10: 单路继电器模块 | E10: 5V低电平触发, 10A/250VAC, 带光耦隔离 | F10: 个 | G10: 5 | H10: 1 | I10: =G10*H10 -> 5
A11: 8 | B11: 补水抗旱模块 | C11: 硅胶水管 | D11: 4mm内径硅胶管 | E11: 食品级硅胶, 耐压耐温, 1米 | F11: 米 | G11: 3 | H11: 2 | I11: =G11*H11 -> 6
A12: 9 | B12: App报警模块(主控) | C12: 主控芯片 | D12: ESP32-S3-DevKitC-1 | E12: Xtensa双核240MHz, WiFi+BT5, 8MB Flash, 8MB PSRAM | F12: 个 | G12: 30 | H12: 1 | I12: =G12*H12 -> 30 | J12: 点击查看
A13: 10 | B13: App报警模块(主控) | C13: USB下载线 | D13: Type-C数据线 | E13: Type-C to USB-A, 1米, 支持数据传输 | F13: 条 | G13: 5 | H13: 1 | I13: =G13*H13 -> 5
A14: 11 | B14: 结构框架 | C14: 欧标铝型材4040 | D14: 6063-T5铝合金型材 | E14: 40x40mm, 欧标T型槽, 银色阳极氧化, 长度1米(共需5米) | F14: 米 | G14: 28 | H14: 5 | I14: =G14*H14 -> 140
A15: 12 | B15: 结构框架 | C15: 欧标角码连接件 | D15: 4040欧标角码(10个装) | E15: 铝合金材质, 90度直角连接, M8螺栓孔位, 阳极氧化 | F15: 套 | G15: 12 | H15: 4 | I15: =G15*H15 -> 48 | J15: 点击查看
A16: 13 | B16: 结构框架 | C16: 欧标一字连接件 | D16: 4040欧标一字连接件 | E16: 碳钢材质, 用于型材对接延长, M8螺栓固定 | F16: 个 | G16: 3.6 | H16: 4 | I16: =G16*H16 -> 14.4
A17: 14 | B17: 结构框架 | C17: M8-T型螺母 | D17: 欧标弹片螺母(50个装) | E17: 碳钢镀锌, 内置弹片, 自锁功能, M8螺纹 | F17: 套 | G17: 0.48 | H17: 2 | I17: =G17*H17 -> 0.96
A18: 15 | B18: 结构框架 | C18: M8内六角螺栓 | D18: 8.8级镀锌螺栓 | E18: M8x20mm, 内六角头, 高强度, 铝型材专用 | F18: 个 | G18: 1.2 | H18: 50 | I18: =G18*H18 -> 60
A19: 16 | B19: 结构框架 | C19: 铝型材端盖 | D19: 4040端盖堵头(10个装) | E19: 黑色塑料, 铝合金型材专用, 装饰防水 | F19: 套 | G19: 0.6 | H19: 2 | I19: =G19*H19 -> 1.2
A20: 17 | B20: 辅助材料 | C20: 杜邦线套装 | D20: 40P彩排线+公母头 | E20: 40根/排, 20cm, 公对公+公对母, 24AWG | F20: 套 | G20: 8 | H20: 2 | I20: =G20*H20 -> 16
A21: 18 | B21: 辅助材料 | C21: 面包板 | D21: 830孔面包板 | E21: 830孔, 双边电源轨, 5.5x16.8cm | F21: 块 | G21: 8 | H21: 1 | I21: =G21*H21 -> 8
A22: 19 | B22: 辅助材料 | C22: 3.3V/5V电源模块 | D22: AMS1117稳压模块 | E22: 输入4.5-12V, 输出3.3V/5V可选, 1.5A | F22: 个 | G22: 3 | H22: 2 | I22: =G22*H22 -> 6
A23: 20 | B23: 辅助材料 | C23: 18650锂电池 | D23: 18650 3.7V 3400mAh | E23: 带保护板, 3.7V, 3400mAh, 尺寸18x65mm | F23: 节 | G23: 19 | H23: 2 | I23: =G23*H23 -> 38
A24: 21 | B24: 辅助材料 | C24: 18650电池座 | D24: 双节18650电池座 | E24: 带DC头, 2x18650串联, 3.7V-7.4V输出 | F24: 个 | G24: 5 | H24: 1 | I24: =G24*H24 -> 5
A25: 22 | B25: 安装工具 | C25: 内六角扳手套 | D25: S2钢球头9件套 | E25: 1.5-10mm, S2合金钢, 球头设计, 高硬度 | F25: 套 | G25: 12 | H25: 1 | I25: =G25*H25 -> 12
A26: 23 | B26: 安装工具 | C26: 橡皮锤 | D26: 小橡皮锤 | E26: 软头不伤型材, 用于校正安装位置 | F26: 把 | G26: 8 | H26: 1 | I26: =G26*H26 -> 8
A27: 24 | B27: 安装工具 | C27: 螺丝刀套装 | D27: 十字+一字螺丝刀 | E27: 带磁性, 碳钢材质, 常用尺寸套装 | F27: 套 | G27: 10 | H27: 1 | I27: =G27*H27 -> 10
A28: 合计 | H28: 2 | I28: =SUM(I4:I27) -> 625.56 | J28: =(I28*H28) -> 1251.12
I29: 套单价 | J29: 总价

Sheet 选型建议
A1: 硬件选型建议与理由
A3: 组件 | B3: 推荐型号 | C3: 选型理由 | D3: 注意事项 | E3: 可替代方案
A4: 温湿度传感器 | B4: AHT30模块 | C4: 文档指定DHT30，但AHT30精度更高(±2%RH, ±0.3°C)，价格相近，支持I2C接口，库函数丰富 | D4: I2C地址固定为0x38，避免与其他I2C设备地址冲突 | E4: 可选SHT30 (±2%RH, ±0.2°C)，价格约¥15
A5: 光谱传感器 | B5: AS7341模块 | C5: 替代原BH1750，AS7341是11通道光谱仪，可检测8个可见光波段+近红外+透明通道，非常适合凝胶凝珠颜色变化的多波段精确分析；相比BH1750仅测光强，AS7341能区分不同颜色，对干旱预警更有价值 | D5: 需注意模块电压选择(3.3V/5V)；板载LED可用于暗光环境补光；建议配合Arduino/ESP32库使用 | E5: 可选AS7343(升级版)或TCS34725(颜色传感器)，但AS7341性价比最高
A6: 空气质量传感器 | B6: MQ-135模块 | C6: MQ系列是空气质量检测的经典方案，MQ-135对氨气/苯/烟雾灵敏，价格便宜，库函数丰富 | D6: 预热时间约1分钟，读数需标定；建议配合比较器模块做阈值报警 | E6: 可选MQ-2(烟雾)或MQ-7(CO)，根据检测目标选择
A7: 摄像模块 | B7: ESP32-CAM (OV2640) | C7: ESP32-CAM内置ESP32-S芯片，支持WiFi传输图像，集成OV2640摄像头，体积小巧，价格适中 | D7: 需要单独5V/2A供电，否则图像可能出现水纹；GPIO0需接地烧录固件 | E7: 可选ESP32-S3-CAM或M5Stack系列
A8: 电压比较器模块 | B8: LM393模块 | C8: 文档要求电压比较器做凝珠变色信号处理，LM393是经典双路比较器，支持宽电压(4.5-28V)，带LED指示 | D8: 比较阈值通过电位器调节，建议配合示波器校准 | E8: 可选LM339(四路)或专用阈值检测IC
A9: 微型潜水泵 | B9: 5V微型静音水泵 | C9: 灌溉场景需要静音水泵，5V供电兼容ESP32系统，流量120L/H可满足小规模灌溉 | D9: 进水口需加装过滤网防止堵塞；工作时电流约300mA，需单独供电 | E9: 可选6V/12V水泵，但需配合相应继电器和电源
A10: 5V继电器模块 | B10: 单路继电器模块 | C10: 控制水泵开关，低电平触发与Arduino/ESP32逻辑匹配，带光耦隔离保护主控 | D10: NC端和NO端不要接错；每路继电器需单独5V供电 | E10: 可选MOS管无触点继电器，无噪音但价格稍高
A11: 主控芯片 | B11: ESP32-S3-DevKitC-1 | C11: 文档指定ESP32-S3，支持WiFi+蓝牙5，Xtensa双核240MHz，适合边缘AI和图像处理，外设接口丰富 | D11: 开发时需配置WiFi信息；建议外接天线增强信号 | E11: 可选ESP32-C3(更便宜)或ESP32-PICO(集成度高)
A12: 欧标铝型材4040 | B12: 6063-T5铝合金型材 | C12: 40x40mm欧标工业铝型材，强度高、耐腐蚀、可重复拆装，适合搭建传感器支架和设备框架 | D12: 长度按需切割，余量留5-10%；搬运时注意保护T型槽 | E12: 可选4080(更粗壮)或3030(更轻巧)，根据承重需求选择
A13: 欧标角码连接件 | B13: 4040欧标角码 | C13: 90度直角连接，配合M8螺栓和T型螺母使用，安装牢固；10个装便于批量采购 | D13: 注意区分欧标和国标，两者槽型不同 | E13: 可选三维连接件或活动铰链，根据结构需求选择
A14: 内六角扳手套 | B14: S2钢球头9件套 | C14: 铝型材专用安装工具，球头设计不易损坏螺栓；S2钢硬度高耐用 | D14: 选择球头而非平头，球头更适合深入T型槽操作 | E14: 可选普通内六角扳手，但球头更适合铝型材场景
A15: 18650锂电池 | B15: 18650 3.7V 3400mAh | C15: 配合ESP32-CAM和传感器的户外供电需求，3400mAh容量可支持2-3天续航 | D15: 必须带保护板防止过充过放；需配合充电管理模块 | E15: 可选磷酸铁锂电池(3.2V)更安全但容量较低

Sheet 预算汇总
A1: 预算汇总
A3: 模块分类 | B3: 预估数量 | C3: 预估金额(元) | D3: 占比
A4: 干旱监测模块 | B4: 5 | C4: =选型与报价总表!H4*H4+选型与报价总表!H5*H5+选型与报价总表!H6*H6+选型与报价总表!H7*H7+选型与报价总表!H8*H8 -> 0 | D4: =C4/C10 -> #DIV/0!
A5: 补水抗旱模块 | B5: 3 | C5: =选型与报价总表!H9*H9+选型与报价总表!H10*H10+选型与报价总表!H11*H11 -> 0 | D5: =C5/C10 -> #DIV/0!
A6: App报警模块(主控) | B6: 2 | C6: =选型与报价总表!H12*H12+选型与报价总表!H13*H13 -> 0 | D6: =C6/C10 -> #DIV/0!
A7: 结构框架(铝型材) | B7: 6 | C7: =选型与报价总表!H14*H14+选型与报价总表!H15*H15+选型与报价总表!H16*H16+选型与报价总表!H17*H17+选型与报价总表!H18*H18+选型与报价总表!H19*H19 -> 0 | D7: =C7/C10 -> #DIV/0!
A8: 辅助材料 | B8: 5 | C8: =选型与报价总表!H20*H20+选型与报价总表!H21*H21+选型与报价总表!H22*H22+选型与报价总表!H23*H23+选型与报价总表!H24*H24 -> 0 | D8: =C8/C10 -> #DIV/0!
A9: 安装工具 | B9: 3 | C9: =选型与报价总表!H25*H25+选型与报价总表!H26*H26+选型与报价总表!H27*H27 -> 0 | D9: =C9/C10 -> #DIV/0!
A10: 总计 | C10: =SUM(C4:C9) -> 0
